date,location,keyword,target_url,target_position,top_ranking_own_page,top_own_position
2026-06-06,Miami,lipo 360 miami,https://avanaplasticsurgery.com/lipo-360-miami,not found,none,none
2026-06-06,Miami,liposucción 360 en miami,https://avanaplasticsurgery.com/espanol/lipo-360-en-miami,1,https://avanaplasticsurgery.com/espanol/lipo-360-en-miami,1
2026-06-06,Miami,breast implants miami,https://avanaplasticsurgery.com/breast-implants-miami,not found,none,none
2026-06-06,Miami,implantes de senos en miami,https://avanaplasticsurgery.com/espanol/implantes-de-senos-en-miami,not found,https://avanaplasticsurgery.com/espanol/aumento-de-senos-miami,3
2026-06-06,Miami,lipo 360 miami,https://avanaplasticsurgery.com/lipo-360-miami,error,none,none
2026-06-06,Miami,liposucción 360 en miami,https://avanaplasticsurgery.com/espanol/lipo-360-en-miami,error,none,none
2026-06-06,Miami,breast implants miami,https://avanaplasticsurgery.com/breast-implants-miami,error,none,none
2026-06-06,Miami,implantes de senos en miami,https://avanaplasticsurgery.com/espanol/implantes-de-senos-en-miami,error,none,none
2026-06-06,Miami,lipo 360 miami,https://avanaplasticsurgery.com/lipo-360-miami,error,none,none
2026-06-06,Miami,liposucción 360 en miami,https://avanaplasticsurgery.com/espanol/lipo-360-en-miami,error,none,none
2026-06-06,Miami,breast implants miami,https://avanaplasticsurgery.com/breast-implants-miami,error,none,none
2026-06-06,Miami,implantes de senos en miami,https://avanaplasticsurgery.com/espanol/implantes-de-senos-en-miami,error,none,none
2026-06-06,Miami,lipo 360 miami,https://avanaplasticsurgery.com/lipo-360-miami,not found,none,none
2026-06-06,Miami,liposucción 360 en miami,https://avanaplasticsurgery.com/espanol/lipo-360-en-miami,1,https://avanaplasticsurgery.com/espanol/lipo-360-en-miami,1
2026-06-06,Miami,breast implants miami,https://avanaplasticsurgery.com/breast-implants-miami,not found,none,none
2026-06-06,Miami,implantes de senos en miami,https://avanaplasticsurgery.com/espanol/implantes-de-senos-en-miami,not found,https://avanaplasticsurgery.com/espanol/aumento-de-senos-miami,3
2026-06-07,Miami,lipo 360 miami,https://avanaplasticsurgery.com/lipo-360-miami,not found,none,none
2026-06-07,Miami,liposucción 360 en miami,https://avanaplasticsurgery.com/espanol/lipo-360-en-miami,1,https://avanaplasticsurgery.com/espanol/lipo-360-en-miami,1
2026-06-07,Miami,breast implants miami,https://avanaplasticsurgery.com/breast-implants-miami,not found,none,none
2026-06-07,Miami,implantes de senos en miami,https://avanaplasticsurgery.com/espanol/implantes-de-senos-en-miami,not found,https://avanaplasticsurgery.com/espanol/aumento-de-senos-miami,3
2026-06-07,Miami,lipo 360 miami,https://avanaplasticsurgery.com/lipo-360-miami,not found,none,none
2026-06-07,Miami,liposucción 360 en miami,https://avanaplasticsurgery.com/espanol/lipo-360-en-miami,1,https://avanaplasticsurgery.com/espanol/lipo-360-en-miami,1
2026-06-07,Miami,breast implants miami,https://avanaplasticsurgery.com/breast-implants-miami,not found,none,none
2026-06-07,Miami,implantes de senos en miami,https://avanaplasticsurgery.com/espanol/implantes-de-senos-en-miami,not found,https://avanaplasticsurgery.com/espanol/aumento-de-senos-miami,3
2026-06-07,Miami,brazilian butt lift miami,https://avanaplasticsurgery.com/brazilian-butt-lift-miami,1,https://avanaplasticsurgery.com/brazilian-butt-lift-miami,1
