Keyword,Intents,Volume,Keyword Difficulty,CPC,Competition Density,https://gallardolawyers.com/injury-law/miami-brain-injury-lawyer,https://www.goldbergandrosen.com/brain-injury/,https://www.rbrlaw.com/miami-personal-injury-lawyer/brain-injuries/,https://www.leesfield.com/resources/other-resources/miami/miami-brain-injury-attorney/,https://gallardolawyers.com/injury-law/miami-brain-injury-lawyer (pages),https://www.goldbergandrosen.com/brain-injury/ (pages),https://www.rbrlaw.com/miami-personal-injury-lawyer/brain-injuries/ (pages),https://www.leesfield.com/resources/other-resources/miami/miami-brain-injury-attorney/ (pages),Results
brain injury lawyer,Commercial,18100,29,0.00,0.04,0,27,0,0,,https://www.goldbergandrosen.com/brain-injury/,,,131
brain injury attorney,Commercial,12100,33,257.12,0.08,0,12,0,0,,https://www.goldbergandrosen.com/brain-injury/,,,61
brain injury lawyers,Commercial,5400,30,0.00,0.00,0,9,0,0,,https://www.goldbergandrosen.com/brain-injury/,,,130
best brain and spine injury lawyer,Commercial,4400,12,0.00,0.13,0,66,0,0,,https://www.goldbergandrosen.com/brain-injury/,,,202
brain injury attorneys,Commercial,2400,29,0.00,0.00,0,4,0,0,,https://www.goldbergandrosen.com/brain-injury/,,,125
brain injury law firm,Commercial,2400,40,238.29,0.21,0,17,0,0,,https://www.goldbergandrosen.com/brain-injury/,,,143
florida traumatic brain injury lawyer,Informational,480,13,0.00,0.00,0,25,0,0,,https://www.goldbergandrosen.com/brain-injury/,,,173
brain lawyer,Commercial,390,40,124.07,0.32,0,13,0,0,,https://www.goldbergandrosen.com/brain-injury/,,,123
traumatic brain injury attorneys near me,Transactional,390,18,0.00,0.00,0,12,0,0,,https://www.goldbergandrosen.com/brain-injury/,,,229
best brain injury attorney,Commercial,320,38,0.00,0.00,0,21,0,0,,https://www.goldbergandrosen.com/brain-injury/,,,155
columbia brain injury lawyer,Informational,320,5,0.00,0.00,0,67,0,0,,https://www.goldbergandrosen.com/brain-injury/,,,66
fort lauderdale brain injury lawyer,Commercial,320,7,0.00,0.33,0,98,48,0,,https://www.goldbergandrosen.com/brain-injury/,https://www.rbrlaw.com/miami-personal-injury-lawyer/brain-injuries/,,178
north miami brain injury lawyer,Commercial,320,9,108.71,0.34,23,0,21,0,https://gallardolawyers.com/injury-law/miami-brain-injury-lawyer,,https://www.rbrlaw.com/miami-personal-injury-lawyer/brain-injuries/,,178
top rated brain injury lawyers,Commercial,260,30,0.00,0.00,0,25,0,0,,https://www.goldbergandrosen.com/brain-injury/,,,180
brain injury lawyer miami,Commercial,210,3,0.00,0.00,13,0,5,3,https://gallardolawyers.com/injury-law/miami-brain-injury-lawyer,,https://www.rbrlaw.com/miami-personal-injury-lawyer/brain-injuries/,https://www.leesfield.com/resources/other-resources/miami/miami-brain-injury-attorney/,137
miami brain injury lawyer,Commercial,210,12,0.00,0.00,11,0,0,0,https://gallardolawyers.com/injury-law/miami-brain-injury-lawyer,,,,130
bellevue brain injury attorney,Commercial,170,14,0.00,0.33,0,43,0,0,,https://www.goldbergandrosen.com/brain-injury/,,,132
brain injuries lawyer aventura,Commercial,170,6,0.00,0.00,0,12,0,0,,https://www.goldbergandrosen.com/brain-injury/,,,142
brain attorney,Commercial,140,30,124.07,0.32,0,16,0,0,,https://www.goldbergandrosen.com/brain-injury/,,,116
brain injuries attorney aventura,Informational,140,8,0.00,0.00,25,27,0,0,https://gallardolawyers.com/injury-law/miami-brain-injury-lawyer,https://www.goldbergandrosen.com/brain-injury/,,,140
brain injury attorney miami,Commercial,140,4,0.00,0.00,16,1,11,3,https://gallardolawyers.com/injury-law/miami-brain-injury-lawyer,https://www.goldbergandrosen.com/brain-injury/,https://www.rbrlaw.com/miami-personal-injury-lawyer/brain-injuries/,https://www.leesfield.com/resources/other-resources/miami/miami-brain-injury-attorney/,137
catastrophic brain injury attorney,Informational,140,35,0.00,0.00,0,8,0,0,,https://www.goldbergandrosen.com/brain-injury/,,,129
catastrophic brain injury lawyer,Informational,140,30,0.00,0.00,0,27,0,0,,https://www.goldbergandrosen.com/brain-injury/,,,152
doral brain injury lawyer,Commercial,140,5,0.00,0.00,0,0,20,0,,,https://www.rbrlaw.com/miami-personal-injury-lawyer/brain-injuries/,,141
fall river brain injury lawyers,Commercial,140,6,0.00,0.00,0,75,0,0,,https://www.goldbergandrosen.com/brain-injury/,,,198
fall river traumatic brain injury lawyer,Commercial,140,4,0.00,0.00,0,66,0,0,,https://www.goldbergandrosen.com/brain-injury/,,,215
salt lake city traumatic brain injury attorney,Commercial,140,7,0.00,0.00,0,84,0,0,,https://www.goldbergandrosen.com/brain-injury/,,,179
top-rated brain injury attorney,Commercial,140,32,0.00,0.00,0,38,0,0,,https://www.goldbergandrosen.com/brain-injury/,,,180
top-rated brain injury lawyer,Commercial,140,30,0.00,0.00,0,44,0,0,,https://www.goldbergandrosen.com/brain-injury/,,,177
top-rated brain injury lawyers,Commercial,140,35,0.00,0.00,0,42,0,0,,https://www.goldbergandrosen.com/brain-injury/,,,182
traumatic brain injury attorney north miami,Commercial,140,9,0.00,0.00,25,0,13,15,https://gallardolawyers.com/injury-law/miami-brain-injury-lawyer,,https://www.rbrlaw.com/miami-personal-injury-lawyer/brain-injuries/,https://www.leesfield.com/resources/other-resources/miami/miami-brain-injury-attorney/,140
traumatic brain injury lawyer north miami,Informational,140,4,0.00,0.00,24,0,11,12,https://gallardolawyers.com/injury-law/miami-brain-injury-lawyer,,https://www.rbrlaw.com/miami-personal-injury-lawyer/brain-injuries/,https://www.leesfield.com/resources/other-resources/miami/miami-brain-injury-attorney/,135
attorney for brain injury,Commercial,110,26,0.00,0.00,0,5,0,0,,https://www.goldbergandrosen.com/brain-injury/,,,127
boca raton brain injury attorney,Commercial,110,3,0.00,0.00,0,81,0,0,,https://www.goldbergandrosen.com/brain-injury/,,,143
durham brain injury lawyer,Commercial,110,10,54.27,0.21,0,56,0,0,,https://www.goldbergandrosen.com/brain-injury/,,,137
florida brain injury lawyers,Informational,110,10,0.00,0.06,0,1,2,0,,https://www.goldbergandrosen.com/brain-injury/,https://www.rbrlaw.com/miami-personal-injury-lawyer/brain-injuries/,,145
head injury attorney florida,Commercial,110,14,0.00,0.06,0,1,0,0,,https://www.goldbergandrosen.com/brain-injury/,,,140
miami brain injury attorney,Commercial,110,9,0.00,0.00,16,1,9,3,https://gallardolawyers.com/injury-law/miami-brain-injury-lawyer,https://www.goldbergandrosen.com/brain-injury/,https://www.rbrlaw.com/miami-personal-injury-lawyer/brain-injuries/,https://www.leesfield.com/resources/other-resources/miami/miami-brain-injury-attorney/,144
monroe traumatic brain injury attorney,Informational,110,3,0.00,0.00,0,79,0,0,,https://www.goldbergandrosen.com/brain-injury/,,,200
orange brain injury lawyer,Commercial,110,13,0.00,0.00,0,43,0,0,,https://www.goldbergandrosen.com/brain-injury/,,,145
traumatic brain injury attorney aventura,Commercial,110,4,0.00,0.00,24,0,0,0,https://gallardolawyers.com/injury-law/miami-brain-injury-lawyer,,,,142
brain injury lawyer coral gables,Commercial,90,11,0.00,0.00,0,0,28,0,,,https://www.rbrlaw.com/miami-personal-injury-lawyer/brain-injuries/,,121
brain injury solicitors,Informational,90,33,0.00,0.00,0,53,0,0,,https://www.goldbergandrosen.com/brain-injury/,,,123
fort lauderdale brain injuries attorney,Informational,90,8,0.00,0.33,0,0,60,0,,,https://www.rbrlaw.com/miami-personal-injury-lawyer/brain-injuries/,,119
fort lauderdale traumatic brain injury lawyer,Commercial,90,3,0.00,0.33,0,0,52,0,,,https://www.rbrlaw.com/miami-personal-injury-lawyer/brain-injuries/,,182
leesville brain injury attorney,Commercial,90,0,0.00,0.00,0,0,0,22,,,,https://www.leesfield.com/resources/other-resources/miami/miami-brain-injury-attorney/,21400
leesville brain injury lawyer,Commercial,90,0,0.00,0.00,0,0,0,24,,,,https://www.leesfield.com/resources/other-resources/miami/miami-brain-injury-attorney/,108
leesville tbi attorney,Commercial,90,-1,0.00,0.00,0,0,0,24,,,,https://www.leesfield.com/resources/other-resources/miami/miami-brain-injury-attorney/,9030
orange brain injury attorney,Commercial,90,6,0.00,0.00,0,46,0,0,,https://www.goldbergandrosen.com/brain-injury/,,,138
orange traumatic brain injury lawyer,Commercial,90,7,0.00,0.00,0,65,0,0,,https://www.goldbergandrosen.com/brain-injury/,,,140
palm harbor brain injury lawyer,Commercial,90,3,0.00,0.33,0,64,0,0,,https://www.goldbergandrosen.com/brain-injury/,,,187
traumatic brain injury attorney florida,Commercial,90,11,0.00,0.00,0,13,0,0,,https://www.goldbergandrosen.com/brain-injury/,,,141
traumatic brain injury attorney fort lauderdale,Commercial,90,7,0.00,0.04,0,49,0,0,,https://www.goldbergandrosen.com/brain-injury/,,,141
west palm beach traumatic brain injury lawyer,Commercial,90,12,0.00,0.06,0,69,0,0,,https://www.goldbergandrosen.com/brain-injury/,,,144
brain and injury law,Commercial,70,26,0.00,0.29,0,13,0,0,,https://www.goldbergandrosen.com/brain-injury/,,,124
brain injuries lawyer north miami,Informational,70,3,0.00,0.00,18,0,8,7,https://gallardolawyers.com/injury-law/miami-brain-injury-lawyer,,https://www.rbrlaw.com/miami-personal-injury-lawyer/brain-injuries/,https://www.leesfield.com/resources/other-resources/miami/miami-brain-injury-attorney/,125
brain injury attorney fort lauderdale,Commercial,70,5,111.94,0.25,0,25,0,11,,https://www.goldbergandrosen.com/brain-injury/,,https://www.leesfield.com/resources/other-resources/miami/miami-brain-injury-attorney/,139
brain injury attorney in palm springs,Commercial,70,23,0.00,0.00,0,58,0,0,,https://www.goldbergandrosen.com/brain-injury/,,,170
brain injury attorneys crown point,Commercial,70,6,0.00,0.00,0,64,0,0,,https://www.goldbergandrosen.com/brain-injury/,,,17200000
brain injury coral gables,Informational,70,1,0.00,0.00,0,0,29,0,,,https://www.rbrlaw.com/miami-personal-injury-lawyer/brain-injuries/,,140
brain injury law firm near me,Transactional,70,30,160.76,0.04,0,17,0,0,,https://www.goldbergandrosen.com/brain-injury/,,,246
brain injury lawyer in palm springs,Commercial,70,0,0.00,0.00,0,61,0,0,,https://www.goldbergandrosen.com/brain-injury/,,,170
brain injury lawyer sebring,Commercial,70,3,0.00,0.00,0,47,0,0,,https://www.goldbergandrosen.com/brain-injury/,,,144
brain injury lawyer south florida,Commercial,70,12,0.00,0.00,0,0,7,0,,,https://www.rbrlaw.com/miami-personal-injury-lawyer/brain-injuries/,,141
brain trauma attorney,Commercial,70,22,166.49,0.10,0,2,0,0,,https://www.goldbergandrosen.com/brain-injury/,,,130
brain+injury+attorney,Commercial,70,29,0.00,0.00,0,9,0,0,,https://www.goldbergandrosen.com/brain-injury/,,,124
columbia brain damage attorney,Informational,70,0,0.00,0.11,0,54,0,0,,https://www.goldbergandrosen.com/brain-injury/,,,140
coral gables brain injury attorney,Commercial,70,5,0.00,0.00,61,0,0,0,https://gallardolawyers.com/injury-law/miami-brain-injury-lawyer,,,,179
coral gables brain injury attorneys,Commercial,70,4,0.00,0.00,0,31,0,0,,https://www.goldbergandrosen.com/brain-injury/,,,215
coral gables brain injury law firm,Commercial,70,4,0.00,0.00,29,51,0,0,https://gallardolawyers.com/injury-law/miami-brain-injury-lawyer,https://www.goldbergandrosen.com/brain-injury/,,,203
coral gables brain injury lawyer,Commercial,70,5,0.00,0.00,56,76,0,0,https://gallardolawyers.com/injury-law/miami-brain-injury-lawyer,https://www.goldbergandrosen.com/brain-injury/,,,212
coral gables brain injury lawyers,Commercial,70,11,0.00,0.00,0,72,0,0,,https://www.goldbergandrosen.com/brain-injury/,,,213
fall river brain injury attorney,Commercial,70,6,0.00,0.00,0,85,0,0,,https://www.goldbergandrosen.com/brain-injury/,,,181
florida tbi attorney,Informational,70,13,0.00,0.07,0,18,0,0,,https://www.goldbergandrosen.com/brain-injury/,,,140
leesville tbi lawyer,Commercial,70,0,0.00,0.00,0,0,0,27,,,,https://www.leesfield.com/resources/other-resources/miami/miami-brain-injury-attorney/,6940
leesville traumatic brain injury attorney,Commercial,70,0,0.00,0.00,0,0,0,62,,,,https://www.leesfield.com/resources/other-resources/miami/miami-brain-injury-attorney/,22500
lexington brain damage attorney,Informational,70,8,2.28,0.02,0,58,0,0,,https://www.goldbergandrosen.com/brain-injury/,,,140
neurological injury attorney,Commercial,70,14,0.00,0.00,0,7,0,0,,https://www.goldbergandrosen.com/brain-injury/,,,150
new hampshire brain injury lawyers,Commercial,70,3,0.00,0.00,0,77,0,0,,https://www.goldbergandrosen.com/brain-injury/,,,171
palm springs brain injury lawyer,Commercial,70,11,0.00,0.33,0,61,0,0,,https://www.goldbergandrosen.com/brain-injury/,,,144
palm springs traumatic brain injury attorney,Commercial,70,0,0.00,0.00,0,70,0,0,,https://www.goldbergandrosen.com/brain-injury/,,,182
panama city brain injury lawyers,Commercial,70,4,14.27,0.67,0,0,0,52,,,,https://www.leesfield.com/resources/other-resources/miami/miami-brain-injury-attorney/,170
tbi attorney miami,Informational,70,4,166.49,0.10,18,2,11,5,https://gallardolawyers.com/injury-law/miami-brain-injury-lawyer,https://www.goldbergandrosen.com/brain-injury/,https://www.rbrlaw.com/miami-personal-injury-lawyer/brain-injuries/,https://www.leesfield.com/resources/other-resources/miami/miami-brain-injury-attorney/,137
tbi lawyers miami,Informational,70,4,0.00,0.00,16,9,10,6,https://gallardolawyers.com/injury-law/miami-brain-injury-lawyer,https://www.goldbergandrosen.com/brain-injury/,https://www.rbrlaw.com/miami-personal-injury-lawyer/brain-injuries/,https://www.leesfield.com/resources/other-resources/miami/miami-brain-injury-attorney/,140
traumatic brain attorney,Informational,70,15,0.00,0.33,0,13,0,0,,https://www.goldbergandrosen.com/brain-injury/,,,125
traumatic brain injury attorney in palm springs,Commercial,70,3,0.00,0.00,0,66,0,0,,https://www.goldbergandrosen.com/brain-injury/,,,147
traumatic brain injury attorney kent,Commercial,70,2,0.00,0.00,0,5,0,0,,https://www.goldbergandrosen.com/brain-injury/,,,4670000
traumatic brain injury attorney miami,Informational,70,2,0.00,0.33,16,0,10,0,https://gallardolawyers.com/injury-law/miami-brain-injury-lawyer,,https://www.rbrlaw.com/miami-personal-injury-lawyer/brain-injuries/,,143
traumatic brain injury lawyer fort lauderdale,Commercial,70,5,0.00,0.14,0,72,0,0,,https://www.goldbergandrosen.com/brain-injury/,,,141
traumatic brain injury lawyer in palm springs,Commercial,70,0,0.00,0.00,0,65,0,0,,https://www.goldbergandrosen.com/brain-injury/,,,179
west palm beach brain injuries attorney,Commercial,70,4,0.00,0.00,0,53,0,0,,https://www.goldbergandrosen.com/brain-injury/,,,156
workers compensation doctor ives estates,Informational,70,0,0.00,0.00,97,0,0,0,https://gallardolawyers.com/injury-law/miami-brain-injury-lawyer,,,,379000
brain injuries attorney fort lauderdale,Commercial,50,3,0.00,0.00,0,11,18,0,,https://www.goldbergandrosen.com/brain-injury/,https://www.rbrlaw.com/miami-personal-injury-lawyer/brain-injuries/,,139
brain injuries attorney north miami,Informational,50,3,0.00,0.00,0,0,9,8,,,https://www.rbrlaw.com/miami-personal-injury-lawyer/brain-injuries/,https://www.leesfield.com/resources/other-resources/miami/miami-brain-injury-attorney/,144
brain injury attorney panorama,Informational,50,-1,0.00,0.00,0,0,0,49,,,,https://www.leesfield.com/resources/other-resources/miami/miami-brain-injury-attorney/,170000
brain injury attorneys miami,Commercial,50,5,0.00,0.04,15,0,10,0,https://gallardolawyers.com/injury-law/miami-brain-injury-lawyer,,https://www.rbrlaw.com/miami-personal-injury-lawyer/brain-injuries/,,131
brain injury lawyer largo,Commercial,50,4,0.00,0.00,0,54,0,0,,https://www.goldbergandrosen.com/brain-injury/,,,137
brain injury lawyers panorama,Informational,50,5,0.00,0.00,0,0,0,76,,,,https://www.leesfield.com/resources/other-resources/miami/miami-brain-injury-attorney/,524000
brain tumor attorney,Informational,50,0,0.00,0.33,0,38,0,0,,https://www.goldbergandrosen.com/brain-injury/,,,144
college park traumatic brain injury lawyer,Commercial,50,2,0.00,0.00,0,91,0,0,,https://www.goldbergandrosen.com/brain-injury/,,,196
columbia brain injury lawyers,Informational,50,2,0.00,0.00,0,64,0,0,,https://www.goldbergandrosen.com/brain-injury/,,,133
gardena brain injury lawyer,Informational,50,5,0.00,0.00,0,54,0,0,,https://www.goldbergandrosen.com/brain-injury/,,,219000
head & brain injury lawyer near me,Transactional,50,13,0.00,0.00,0,76,0,0,,https://www.goldbergandrosen.com/brain-injury/,,,225
lebanon traumatic brain injury lawyer,Commercial,50,3,0.00,0.00,0,82,0,0,,https://www.goldbergandrosen.com/brain-injury/,,,179
newport beach traumatic brain injury attorney,Commercial,50,5,0.00,0.00,0,68,0,0,,https://www.goldbergandrosen.com/brain-injury/,,,175
salem brain injury lawyer,Commercial,50,5,0.00,0.10,0,11,0,0,,https://www.goldbergandrosen.com/brain-injury/,,,141
traumantic brain injury law firm,Commercial,50,30,0.00,0.00,0,20,0,0,,https://www.goldbergandrosen.com/brain-injury/,,,155
traumatic brain injury attorney in gardena,Commercial,50,11,0.00,0.00,0,68,0,0,,https://www.goldbergandrosen.com/brain-injury/,,,186
traumatic brain injury lawyer miami,Informational,50,3,0.00,0.33,16,12,10,11,https://gallardolawyers.com/injury-law/miami-brain-injury-lawyer,https://www.goldbergandrosen.com/brain-injury/,https://www.rbrlaw.com/miami-personal-injury-lawyer/brain-injuries/,https://www.leesfield.com/resources/other-resources/miami/miami-brain-injury-attorney/,136
best brain injury lawyers lancaster,Commercial,40,9,0.00,0.00,0,68,0,0,,https://www.goldbergandrosen.com/brain-injury/,,,186
brain injuries attorney largo,Commercial,40,3,0.00,0.00,0,85,0,0,,https://www.goldbergandrosen.com/brain-injury/,,,247000
brain injuries lawyer doral,Commercial,40,7,0.00,0.00,32,3,14,10,https://gallardolawyers.com/injury-law/miami-brain-injury-lawyer,https://www.goldbergandrosen.com/brain-injury/,https://www.rbrlaw.com/miami-personal-injury-lawyer/brain-injuries/,https://www.leesfield.com/resources/other-resources/miami/miami-brain-injury-attorney/,152000
brain injuries lawyer fort lauderdale,Commercial,40,1,0.00,0.05,0,65,38,0,,https://www.goldbergandrosen.com/brain-injury/,https://www.rbrlaw.com/miami-personal-injury-lawyer/brain-injuries/,,143
brain injuries lawyer palm harbor,Commercial,40,4,0.00,0.00,0,16,0,0,,https://www.goldbergandrosen.com/brain-injury/,,,113
brain injury lawyers miami,Commercial,40,7,0.00,0.04,16,0,10,0,https://gallardolawyers.com/injury-law/miami-brain-injury-lawyer,,https://www.rbrlaw.com/miami-personal-injury-lawyer/brain-injuries/,,127
brain+injury+lawyers,Commercial,40,27,0.00,0.00,0,9,0,0,,https://www.goldbergandrosen.com/brain-injury/,,,128
capitol hill brain injury lawyers,Informational,40,11,0.00,0.00,0,79,0,0,,https://www.goldbergandrosen.com/brain-injury/,,,172000000
college park brain injury attorney,Commercial,40,-1,0.00,0.00,0,87,0,0,,https://www.goldbergandrosen.com/brain-injury/,,,206
college park brain injury lawyer,Commercial,40,3,0.00,0.00,0,89,0,0,,https://www.goldbergandrosen.com/brain-injury/,,,218
coral gables traumatic brain injury attorney,Commercial,40,6,0.00,0.00,62,83,0,0,https://gallardolawyers.com/injury-law/miami-brain-injury-lawyer,https://www.goldbergandrosen.com/brain-injury/,,,182
florida traumatic brain injury attorney,Informational,40,10,0.00,0.00,0,4,0,0,,https://www.goldbergandrosen.com/brain-injury/,,,137
fort lauderdale traumatic brain injury attorney,Commercial,40,0,0.00,0.33,0,55,0,0,,https://www.goldbergandrosen.com/brain-injury/,,,180
gainesville traumatic brain injury lawyer,Commercial,40,5,0.00,0.00,0,90,0,0,,https://www.goldbergandrosen.com/brain-injury/,,,194
local brain injury attorney lancaster,Commercial,40,3,0.00,0.00,0,61,0,0,,https://www.goldbergandrosen.com/brain-injury/,,,200
miami brain injury lawyers,Commercial,40,7,0.00,0.04,8,0,4,0,https://gallardolawyers.com/injury-law/miami-brain-injury-lawyer,,https://www.rbrlaw.com/miami-personal-injury-lawyer/brain-injuries/,,127
miami traumatic brain injury lawyer,Informational,40,3,0.00,0.00,18,19,10,14,https://gallardolawyers.com/injury-law/miami-brain-injury-lawyer,https://www.goldbergandrosen.com/brain-injury/,https://www.rbrlaw.com/miami-personal-injury-lawyer/brain-injuries/,https://www.leesfield.com/resources/other-resources/miami/miami-brain-injury-attorney/,170
newport beach brain injury lawyers,Commercial,40,8,0.00,0.00,0,47,0,0,,https://www.goldbergandrosen.com/brain-injury/,,,154
research law firms for brain injury cases,Informational,40,10,0.00,0.00,0,71,0,0,,https://www.goldbergandrosen.com/brain-injury/,,,102000000
tbi attorney coral gables,Commercial,40,4,0.00,0.00,0,33,0,0,,https://www.goldbergandrosen.com/brain-injury/,,,143
top rated brain injury attorney lancaster,Commercial,40,22,0.00,0.00,0,50,0,0,,https://www.goldbergandrosen.com/brain-injury/,,,200
top rated brain injury lawyers lancaster,Commercial,40,6,0.00,0.00,0,35,0,0,,https://www.goldbergandrosen.com/brain-injury/,,,193
traumatic brain injury lawyer boynton beach,Commercial,40,8,0.00,0.00,0,38,0,0,,https://www.goldbergandrosen.com/brain-injury/,,,141
traumatic brain injury lawyer coral gables,Commercial,40,3,0.00,0.00,44,32,0,0,https://gallardolawyers.com/injury-law/miami-brain-injury-lawyer,https://www.goldbergandrosen.com/brain-injury/,,,142
weston brain injury attorney,Informational,40,11,0.00,0.00,0,87,0,0,,https://www.goldbergandrosen.com/brain-injury/,,,655000
brain damage law firm,Commercial,30,17,238.29,0.21,0,14,0,0,,https://www.goldbergandrosen.com/brain-injury/,,,124
brain injury lawyer windham county,Commercial,30,5,230.16,0.03,0,66,0,0,,https://www.goldbergandrosen.com/brain-injury/,,,345000
