Keyword,Intents,Volume,Keyword Difficulty,CPC,Competition Density,https://gallardolawyers.com/es/lesionados/abogados-de-lesiones-cerebrales-en-miami,https://www.yourfloridatrialteam.com/es/miami/abogado-de-lesiones-cerebrales-traumaticas/,https://www.wolfsonlawfirm.com/espanol/comunidades-atendidas/spanish-north-miami-beach/abogado-de-lesiones-cerebrales-traumaticas-en-miami-beach/,https://panterlaw.com/es/personal-injury/brain-spinal-cord-injuries/,https://gallardolawyers.com/es/lesionados/abogados-de-lesiones-cerebrales-en-miami (pages),https://www.yourfloridatrialteam.com/es/miami/abogado-de-lesiones-cerebrales-traumaticas/ (pages),https://www.wolfsonlawfirm.com/espanol/comunidades-atendidas/spanish-north-miami-beach/abogado-de-lesiones-cerebrales-traumaticas-en-miami-beach/ (pages),https://panterlaw.com/es/personal-injury/brain-spinal-cord-injuries/ (pages),Results
abogado de lesiones cerebrales y de columna,Informational,2900,3,0.00,0.00,0,0,0,7,,,,https://panterlaw.com/es/personal-injury/brain-spinal-cord-injuries/,141
abogado de lesiones cerebrales y espinales,Informational,1900,0,0.00,0.00,88,15,0,1,https://gallardolawyers.com/es/lesionados/abogados-de-lesiones-cerebrales-en-miami,https://www.yourfloridatrialteam.com/es/miami/abogado-de-lesiones-cerebrales-traumaticas/,,https://panterlaw.com/es/personal-injury/brain-spinal-cord-injuries/,212000
mejor abogado de lesiones cerebrales y de columna,Informational,1600,5,0.00,0.00,18,28,0,6,https://gallardolawyers.com/es/lesionados/abogados-de-lesiones-cerebrales-en-miami,https://www.yourfloridatrialteam.com/es/miami/abogado-de-lesiones-cerebrales-traumaticas/,,https://panterlaw.com/es/personal-injury/brain-spinal-cord-injuries/,247000
mejor abogado de lesiones cerebrales y espinales,Informational,1600,0,0.00,0.00,18,1,0,0,https://gallardolawyers.com/es/lesionados/abogados-de-lesiones-cerebrales-en-miami,https://www.yourfloridatrialteam.com/es/miami/abogado-de-lesiones-cerebrales-traumaticas/,,,139
abogado de lesiones cerebrales,Informational,720,3,28.16,0.02,21,3,0,0,https://gallardolawyers.com/es/lesionados/abogados-de-lesiones-cerebrales-en-miami,https://www.yourfloridatrialteam.com/es/miami/abogado-de-lesiones-cerebrales-traumaticas/,,,139
abogado de lesión de cerebro,Informational,590,2,0.00,0.00,13,5,0,0,https://gallardolawyers.com/es/lesionados/abogados-de-lesiones-cerebrales-en-miami,https://www.yourfloridatrialteam.com/es/miami/abogado-de-lesiones-cerebrales-traumaticas/,,,141
abogados de lesiones cerebrales,Informational,480,3,0.00,0.02,0,5,0,0,,https://www.yourfloridatrialteam.com/es/miami/abogado-de-lesiones-cerebrales-traumaticas/,,,141
abogado de lesión a la cabeza,Informational,210,1,0.00,0.33,0,11,0,0,,https://www.yourfloridatrialteam.com/es/miami/abogado-de-lesiones-cerebrales-traumaticas/,,,142
abogado lesiones medulares,Informational,210,2,0.00,0.33,0,0,0,58,,,,https://panterlaw.com/es/personal-injury/brain-spinal-cord-injuries/,141
abogado de lesiones de medula espinal,Informational,140,1,0.00,0.00,0,0,0,18,,,,https://panterlaw.com/es/personal-injury/brain-spinal-cord-injuries/,134
abogado de lesiones cerebrales y de columna vertebral,Informational,110,1,0.00,0.00,33,0,0,9,https://gallardolawyers.com/es/lesionados/abogados-de-lesiones-cerebrales-en-miami,,,https://panterlaw.com/es/personal-injury/brain-spinal-cord-injuries/,139
abogado de lesiones cerebrales y de la columna vertebral,Informational,110,0,0.00,0.00,0,0,0,8,,,,https://panterlaw.com/es/personal-injury/brain-spinal-cord-injuries/,142
abogado de lesión de cerebro en long beach,Commercial,70,5,0.00,0.00,0,62,0,25,,https://www.yourfloridatrialteam.com/es/miami/abogado-de-lesiones-cerebrales-traumaticas/,,https://panterlaw.com/es/personal-injury/brain-spinal-cord-injuries/,162
abogado de lesión de cerebro en palm springs,Informational,70,5,0.00,0.00,0,87,0,19,,https://www.yourfloridatrialteam.com/es/miami/abogado-de-lesiones-cerebrales-traumaticas/,,https://panterlaw.com/es/personal-injury/brain-spinal-cord-injuries/,5550
mejor abogado de lesiones cerebrales y de columna vertebral,Informational,70,0,0.00,0.00,0,37,0,6,,https://www.yourfloridatrialteam.com/es/miami/abogado-de-lesiones-cerebrales-traumaticas/,,https://panterlaw.com/es/personal-injury/brain-spinal-cord-injuries/,140
abogado de lesion cerebral cheyenne,Informational,50,1,0.00,0.00,46,85,0,0,https://gallardolawyers.com/es/lesionados/abogados-de-lesiones-cerebrales-en-miami,https://www.yourfloridatrialteam.com/es/miami/abogado-de-lesiones-cerebrales-traumaticas/,,,2950
abogado de lesión cerebral traumática en commerce,Informational,50,0,0.00,0.00,0,68,0,0,,https://www.yourfloridatrialteam.com/es/miami/abogado-de-lesiones-cerebrales-traumaticas/,,,1250
abogado de lesión cerebral traumática en palm springs,Informational,50,0,0.00,0.00,0,61,0,0,,https://www.yourfloridatrialteam.com/es/miami/abogado-de-lesiones-cerebrales-traumaticas/,,,1790
abogado de lesión de cerebro en commerce,Informational,50,0,0.00,0.00,21,0,0,0,https://gallardolawyers.com/es/lesionados/abogados-de-lesiones-cerebrales-en-miami,,,,11600
abogados lesiones cerebrales,Informational,50,1,0.00,0.33,17,4,0,0,https://gallardolawyers.com/es/lesionados/abogados-de-lesiones-cerebrales-en-miami,https://www.yourfloridatrialteam.com/es/miami/abogado-de-lesiones-cerebrales-traumaticas/,,,144
abogado de lesiones cerebrales doral,Commercial,40,-1,0.00,0.00,20,16,0,14,https://gallardolawyers.com/es/lesionados/abogados-de-lesiones-cerebrales-en-miami,https://www.yourfloridatrialteam.com/es/miami/abogado-de-lesiones-cerebrales-traumaticas/,,https://panterlaw.com/es/personal-injury/brain-spinal-cord-injuries/,5520
abogado de lesiones en la cabeza miami,Informational,40,0,0.00,0.00,4,1,2,0,https://gallardolawyers.com/es/lesionados/abogados-de-lesiones-cerebrales-en-miami,https://www.yourfloridatrialteam.com/es/miami/abogado-de-lesiones-cerebrales-traumaticas/,https://www.wolfsonlawfirm.com/espanol/comunidades-atendidas/spanish-north-miami-beach/abogado-de-lesiones-cerebrales-traumaticas-en-miami-beach/,,167
abogado de traumatismos cerebrales,Informational,40,0,0.00,0.00,41,45,0,0,https://gallardolawyers.com/es/lesionados/abogados-de-lesiones-cerebrales-en-miami,https://www.yourfloridatrialteam.com/es/miami/abogado-de-lesiones-cerebrales-traumaticas/,,,141
fairfax abogado de lesiones cerebrales traumáticas,Informational,40,0,0.00,0.00,37,0,0,0,https://gallardolawyers.com/es/lesionados/abogados-de-lesiones-cerebrales-en-miami,,,,856
new brunswick abogado de lesiones cerebrales traumáticas,Informational,40,0,0.00,0.00,0,65,0,0,,https://www.yourfloridatrialteam.com/es/miami/abogado-de-lesiones-cerebrales-traumaticas/,,,1580
